370712001001,192.168.1.211
370712001002,192.168.1.212
370712001003,192.168.1.213
370712001004,192.168.1.214
370712001005,192.168.1.215
370712001006,192.168.1.216
370712001007,192.168.1.217
370712001008,192.168.1.218
370712001009,192.168.1.219
370712001010,192.168.1.220
370712001011,192.168.1.221
370712001012,192.168.1.222
370712001013,192.168.1.223
370712001014,192.168.1.224
370712001015,192.168.1.225
370712001016,192.168.1.226
370712001017,192.168.1.227
370712001018,192.168.1.228
370712001019,192.168.1.229
370712001020,192.168.1.230
370712001021,192.168.1.231
370712001022,192.168.1.232
370712001023,192.168.1.233
370712001024,192.168.1.234
370712001025,192.168.1.235
370712001026,192.168.1.236
370712001027,192.168.85.229
